id,title,firstName,lastName,picture
60d0fe4f5311236168a109ca,ms,Sara,Andersen,https://randomuser.me/api/portraits/women/58.jpg
60d0fe4f5311236168a109cb,miss,Edita,Vestering,https://randomuser.me/api/portraits/med/women/89.jpg
60d0fe4f5311236168a109cc,ms,Adina,Barbosa,https://randomuser.me/api/portraits/med/women/28.jpg
60d0fe4f5311236168a109cd,mr,Roberto,Vega,https://randomuser.me/api/portraits/med/men/25.jpg
60d0fe4f5311236168a109ce,mr,Rudi,Droste,https://randomuser.me/api/portraits/med/men/83.jpg
60d0fe4f5311236168a109cf,mrs,Carolina,Lima,https://randomuser.me/api/portraits/med/women/5.jpg
60d0fe4f5311236168a109d0,mr,Emre,Asikoglu,https://randomuser.me/api/portraits/med/men/23.jpg
60d0fe4f5311236168a109d1,mr,Kent,Brewer,https://randomuser.me/api/portraits/med/men/52.jpg
60d0fe4f5311236168a109d2,mr,Evan,Carlson,https://randomuser.me/api/portraits/med/men/80.jpg
60d0fe4f5311236168a109d3,mr,Friedrich-Karl,Brand,https://randomuser.me/api/portraits/med/men/7.jpg
60d0fe4f5311236168a109d4,mr,Valentin,Ortega,https://randomuser.me/api/portraits/med/men/3.jpg
60d0fe4f5311236168a109d5,mrs,Sibylle,Leibold,https://randomuser.me/api/portraits/med/women/89.jpg
60d0fe4f5311236168a109d6,mrs,Elisa,Lorenzo,https://randomuser.me/api/portraits/med/women/89.jpg
60d0fe4f5311236168a109d7,mr,Leevi,Savela,https://randomuser.me/api/portraits/med/men/67.jpg
60d0fe4f5311236168a109d8,mrs,Karoline,Sviggum,https://randomuser.me/api/portraits/med/women/61.jpg
60d0fe4f5311236168a109d9,ms,Nuria,Leon,https://randomuser.me/api/portraits/med/women/93.jpg
60d0fe4f5311236168a109da,mr,Lance,Foster,https://randomuser.me/api/portraits/med/men/13.jpg
60d0fe4f5311236168a109db,miss,Naomi,Rodrigues,https://randomuser.me/api/portraits/med/women/39.jpg
60d0fe4f5311236168a109dc,mr,Evan,Roux,https://randomuser.me/api/portraits/med/men/59.jpg
60d0fe4f5311236168a109dd,mr,Miguel,Lima,https://randomuser.me/api/portraits/med/men/31.jpg
